rule_id,incident_scenario,proposed_action,activation_conditions,executor,authority_tier,decision_authority,operational_risk_owner,financial_risk_owner,privacy_regulatory_advisor,risk_of_acting,risk_of_not_acting,delegated_limit,projected_impact,escalation_required,second_approval_required,business_impact_ceiling,approval_window,fallback_if_authority_unavailable,evidence_to_preserve_first,notification_requirements,reassessment_or_reversal_trigger
AUTH-IAM-001,"Privileged SaaS token compromise","Disable one confirmed compromised account","Confirmed malicious session or token use affecting the named account","IAM / Security Operations","Pre-authorized","Delegated incident-response policy","Delegated policy owner","Within approved de minimis ceiling","Privacy Lead if personal data is implicated","Named identity becomes unavailable","Attacker retains a confirmed access path","One identity with no known critical-service interruption","Targeted access interruption only","No unless a critical dependency is identified","No","One identity; no known critical-service interruption","Act immediately","Escalate for break-glass, service, or safety-critical identities","Identity, OAuth, sign-in, and audit logs","Incident Commander and IAM Lead","Validate clean access and dependent sessions within 30 minutes"
AUTH-IAM-002,"Privileged SaaS token compromise","Revoke one user's active sessions","Confirmed malicious session with no critical integration dependency","IAM / Security Operations","Pre-authorized","Delegated incident-response policy","Delegated policy owner","Within approved de minimis ceiling","Privacy Lead if personal data is implicated","One user loses active sessions","Attacker retains a confirmed session","One user with no critical integration dependency","One-user reauthentication","No unless dependencies exceed the ceiling","No","One user's sessions","Act immediately","Escalate when identity dependencies exceed the approved impact ceiling","Session, sign-in, token, and application-consent telemetry","Incident Commander and affected user's business owner","Confirm revocation and clean reauthentication"
AUTH-IAM-003,"Privileged SaaS token compromise","Revoke every executive OAuth grant","Confirmed abuse involving executive identities or applications","IAM Lead","Approval required","Incident Commander under organization-defined conditions","Executive support owner","Financial owner if business impact exceeds policy","Legal and Privacy","Executive productivity and integrations may be interrupted","Attacker may retain privileged executive access","Organization-approved executive-identity ceiling","Validate affected grants and critical dependencies","As configured","As configured","Executive productivity interruption within the approved ceiling","Organization-configured","Continue targeted revocation and escalate","OAuth grant, consent, sign-in, mailbox, and audit telemetry","CISO, executive support, Legal, Privacy, and Service Desk","Review impact and residual unauthorized access after containment"
AUTH-IAM-004,"Privileged SaaS token compromise","Revoke tokens across the tenant","Confirmed or imminent compromise beyond the initially affected identities","IAM / Cloud team","Approval required","CISO and affected business owner","Affected business owner","CFO if financial ceiling may be exceeded","Legal and Privacy","Critical integrations and user sessions may be interrupted","Attacker may retain tenant-wide access","Organization-approved tenant-wide disruption ceiling","Validate critical integrations and recovery duration","Yes","Yes","Organization-defined interruption to critical integrations and user sessions","Organization-configured","Continue targeted containment, block confirmed infrastructure, and escalate","Token, sign-in, application-consent, and session telemetry","Incident Commander, Legal, Privacy, Service Desk, and service owners","Review business impact and malicious access after the first containment cycle"
AUTH-OPS-001,"Material cyber disruption","Disconnect a revenue-producing service","Continued operation presents material harm that cannot be contained at a lower-impact tier","Infrastructure / application team","Executive risk decision","Designated business executive advised by the CISO","Accountable business executive","CFO or designated financial authority","Legal, Privacy, and Compliance as applicable","Outage, customer, revenue, recovery, and trust impact","Threat activity and harm may continue or expand","Approved business-impact ceiling","Current disruption estimate with owner and confidence","Yes","Per crisis authority model","Explicitly accepted outage, customer, financial, and recovery consequences","Severity and risk-appetite driven","Apply the highest authorized lower-impact containment and maintain escalation","System state, active sessions, logs, dependencies, and recovery checkpoints","Executive Sponsor, Legal, Privacy, Communications, service owner, and continuity leadership","Time-bound review and documented recovery authorization"
AUTH-PAY-001,"Privileged token compromise — digital payments","Disable a confirmed compromised payment-platform identity","Confirmed malicious token or session use affecting the named identity","IAM / Security Operations","Pre-authorized","Delegated incident-response policy","Delegated policy owner","Within approved de minimis ceiling","Privacy Lead if personal data is implicated","Named identity or service function may be unavailable","Attacker retains a confirmed access path","One identity; no known payment-processing interruption","Targeted access interruption only","No unless a critical integration dependency is identified","No","One identity with no known payment-processing interruption","Act immediately","Escalate for service-principal, break-glass, or critical-integration identities","Token, sign-in, consent, identity, and audit telemetry","Incident Commander, IAM Lead, DFIR Lead, and Payments Engineering","Confirm revocation and validate dependencies within 15 minutes"
AUTH-PAY-002,"Privileged token compromise — digital payments","Revoke privileged tokens across the payment tenant","Confirmed or imminent compromise extends beyond named identities","IAM / Cloud team","Approval required","CISO and Head of Payments","Head of Payments","CFO if the financial ceiling may be exceeded","Privacy / DPO, Legal, and Compliance","Checkout, settlement, or critical integrations may require controlled reauthentication","Attacker may retain privileged access or enable fraudulent transactions","Targeted containment only; tenant-wide revocation requires second approval","Critical-integration disruption possible; duration requires validation","Yes — CISO and Head of Payments approval","Yes","Critical integrations and active sessions within the approved operational limit","Sample exercise target: 8 minutes","Continue targeted revocation, block infrastructure, freeze privileged changes, and escalate","Token, sign-in, application-consent, service-principal, and payment-integration telemetry","Incident Commander, Payments Engineering, Legal, Privacy / DPO, Compliance, Service Desk, and fraud operations","Validate malicious-access removal and payment integrity after the first containment cycle"
AUTH-PAY-003,"Privileged token compromise — digital payments","Suspend production payment processing","Continuing unauthorized access threatens transaction integrity and cannot be contained at a lower-impact tier","Payments Engineering / Platform Operations","Executive risk decision","COO and CFO advised by the CISO","Head of Payments and COO","CFO","Legal, Privacy / DPO, and Compliance","Payments may fail, merchants may lose revenue, and settlement may be delayed","Unauthorized access, fraud, customer harm, and reportable impact may expand","Head of Payments: up to 15 minutes of interruption — fictional sample policy","30-minute interruption with medium confidence — synthetic exercise assumption","Yes — 30 minutes exceeds the 15-minute delegated limit","COO and CFO","A time-bound payment-processing interruption accepted by operational and financial risk owners","Sample exercise target: 5 minutes","Maintain targeted containment, freeze privileged changes, increase fraud controls, preserve evidence, and continue escalation","Token and identity evidence, payment telemetry, integration state, dependencies, and recovery checkpoint","Head of Payments, COO, CFO, CISO, Legal, Privacy / DPO, Compliance, customer operations, continuity, and communications","Review every 15 minutes; sample authority expires at 30 minutes unless renewed"
AUTH-NOTIFY-001,"Confirmed data breach","Notify regulators or affected customers","Validated facts trigger applicable legal, contractual, or notification obligations","Legal / Privacy / Communications","Executive risk decision","Designated legal, privacy, and executive authority","Affected business owner","CFO when material financial consequences apply","Counsel, Privacy / DPO, and Compliance","Legal, customer, market, and trust consequences","Delay may breach obligations or increase harm","Current organization-approved notification authority","Validated population, jurisdiction, and obligation assessment","Per notification governance","Per notification governance","Approved legal, customer, market, and trust consequences","Driven by applicable obligations and counsel guidance","Preserve facts, draft communications, track deadlines, and escalate without speculative disclosure","Affected-data scope, timeline, access evidence, jurisdiction, and impacted parties","Executive Sponsor, counsel, Privacy, Communications, insurer, and designated recipients","Update notifications when material facts or affected populations change"
